<?xml version="1.0" encoding="UTF-8"?>
<NodeCategories>
	<nodeCategory id="0" name="Generic Controller" />
	<nodeCategory id="1" name="Dimming Control" />
	<nodeCategory id="2" name="Switch/Relay Control" />
	<nodeCategory id="3" name="Network Bridge" />
	<nodeCategory id="4" name="Irrigation Control" />
	<nodeCategory id="5" name="Climate Control" />
	<nodeCategory id="6" name="Pool Control" />
	<nodeCategory id="7" name="Sensors/Actuators" />
	<nodeCategory id="8" name="Home Entertainment" />
	<nodeCategory id="9" name="Energy Management" />
	<nodeCategory id="10" name="Appliance Control" />
	<nodeCategory id="11" name="Plumbing" />
	<nodeCategory id="12" name="Communications" />
	<nodeCategory id="13" name="Computer" />
	<nodeCategory id="14" name="Windows/Shades" />
	<nodeCategory id="15" name="Access Control" />
	<nodeCategory id="16" name="Security/Health/Safety" />
	<nodeCategory id="17" name="Surveillance" />
	<nodeCategory id="18" name="Automotive" />
	<nodeCategory id="19" name="Pet Care" />
	<nodeCategory id="20" name="Toys" />
	<nodeCategory id="21" name="Timers/Clocks" />
	<nodeCategory id="22" name="Holiday" />
	<nodeCategory id="113" name="A10/X10" />
	<nodeCategory id="127" name="Virtual" />
	<nodeCategory id="254" name="Unknown" />

</NodeCategories>
