<?xml version="1.0" encoding="UTF-8"?>
<LogInfo>
<description>
	This file defines the permissible instances for SMTP sub errors
</description>
<errorMessages>
	<msg id="-5"><name>SMTP_CONNECT_FAILED</name></msg>
	<msg id="-6"><name>SMTP_SERVER_NOT_RESPONDING</name></msg>
	<msg id="-7"><name>SMTP_EHLO_TIMEOUT</name></msg>
	<msg id="-10"><name>SMTP_FROM_TIMEOUT</name></msg>
	<msg id="-11"><name>SMTP_TO_TIMEOUT</name></msg>
	<msg id="-12"><name>SMTP_DATA_TIMEOUT</name></msg>
	<msg id="-13"><name>SMTP_BODY_TIMEOUT</name></msg>
	<msg id="-14"><name>SMTP_AUTH_LOGIN_NOT_ACCEPTED</name></msg>
	<msg id="-15"><name>SMTP_USERID_NOT_ACCEPTED</name></msg>
	<msg id="-16"><name>SMTP_PASSWORD_NOT_ACCEPTED</name></msg>
	<msg id="-17"><name>SMTP_STARTTLS_NOT_ACCEPTED</name></msg>
	<msg id="-18"><name>SMTP_TLS_NEGOTIATIONS_FAILED</name></msg>
	<msg id="-19"><name>SMTP_WRITE_FAILED</name></msg>
	<msg id="-20"><name>SMTP_UNSUPPORTED_AUTH_METHOD</name></msg>
</errorMessages>
</LogInfo>